{"cameraMode":{"drawMode":0,"name":"Shaded","section":"Shading Mode"},"sceneLighting":true,"audioPlay":false,"sceneViewState":{"showFog":true,"showMaterialUpdate":false,"showSkybox":true,"showFlares":true,"showImageEffects":true,"showParticleSystems":true},"in2DMode":false,"pivot":{"x":0.3257865905761719,"y":-16.59868812561035,"z":-40.48263168334961},"rotation":{"x":0.098647840321064,"y":0.8928562998771668,"z":-0.36890360713005068,"w":0.238764688372612},"size":29.709970474243165,"orthographic":false}